0,base/1564/,Скрулл Кап: четвёртый этап
1,Скрулл Кап: четвёртый этап,base/1564/
2,Зеркало Битвы Казахстанских городов,base/1560/
3,Бесконечные Земли: том XV,base/1555/
4,12 граней. Третья игра,base/1551/
5,Скрулл Кап: третий этап,base/1547/
6,Бесконечные Земли: том XIV,base/1543/
7,«12 граней». Вторая игра,base/1536/
8,Скрулл Кап: второй этап,base/1531/
9,Бесконечные Земли: том XIII,base/1527/
10,Мюнхенский счет: Первая 1/4,base/1520/
11,12 граней. Первая игра,base/1509/
12,Скрулл Кап: первый этап,base/1513/
13,Осенняя кинолига,base/1517/
14,Бесконечные Земли: Том XII,base/1505/
15,Декамерон 2021,base/1501/
16,Сугробушки. День 1,base/1746/
17,Сугробушки. День 2,base/1750/
18,Школьная лига Европы. VI тур,base/1742/
19,Кубок Гармонии. Элемент Четвертый: Доброта,base/1738/
20,Школьная лига Европы. V тур,base/1734/
21,Лига Сибири. IV тур,base/1730/
22,Лига плюща-2: Йель,base/1726/
23,Кубок Гармонии. Элемент Третий: Смех,base/1718/
24,Лига вузов Европы. V тур,base/1722/
25,Школьная лига Европы. IV тур,base/1711/
26,Кубок Бесконечности. Этап V: Камень Разума,base/1715/
